INSERT INTO "Discipline" (id, name) VALUES
('1010011811Я', 'Программирование алгоритмическое'),
('1010021811Я', 'Программирование продуктовое'),
('1010051811Я', 'Программирование систем информационной безопасности'),
('1010013811Я', 'Программирование беспилотных авиационных систем'),
('1010014811Я', 'Программирование робототехники');

INSERT INTO "FederalDistrict" (id, name) VALUES
('1', 'Центральный федеральный округ'),
('2', 'Южный федеральный округ'),
('3', 'Северо-западный федеральный округ'),
('4', 'Дальневосточный федеральный округ'),
('5', 'Сибирский федеральный округ'),
('6', 'Уральский федеральный округ'),
('7', 'Приволжский федеральный округ'),
('8', 'Северо-Кавказский федеральный округ'),
('9', 'Новые регионы');

INSERT INTO "Region" ("id", "name", "districtId") VALUES
(gen_random_uuid(), 'г. Москва', '1'),
(gen_random_uuid(), 'Белгородская область', '1'),
(gen_random_uuid(), 'Брянская область', '1'),
(gen_random_uuid(), 'Владимирская область', '1'),
(gen_random_uuid(), 'Воронежская область', '1'),
(gen_random_uuid(), 'Ивановская область', '1'),
(gen_random_uuid(), 'Калужская область', '1'),
(gen_random_uuid(), 'Костромская область', '1'),
(gen_random_uuid(), 'Курская область', '1'),
(gen_random_uuid(), 'Липецкая область', '1'),
(gen_random_uuid(), 'Московская область', '1'),
(gen_random_uuid(), 'Орловская область', '1'),
(gen_random_uuid(), 'Рязанская область', '1'),
(gen_random_uuid(), 'Смоленская область', '1'),
(gen_random_uuid(), 'Тамбовская область', '1'),
(gen_random_uuid(), 'Тверская область', '1'),
(gen_random_uuid(), 'Тульская область', '1'),
(gen_random_uuid(), 'Ярославская область', '1'),
(gen_random_uuid(), 'Республика Адыгея', '2'),
(gen_random_uuid(), 'Республика Калмыкия', '2'),
(gen_random_uuid(), 'Краснодарский край', '2'),
(gen_random_uuid(), 'Астраханская область', '2'),
(gen_random_uuid(), 'Волгоградская область', '2'),
(gen_random_uuid(), 'Ростовская область', '2'),
(gen_random_uuid(), 'город Севастополь', '2'),
(gen_random_uuid(), 'Республика Крым', '2'),
(gen_random_uuid(), 'Республика Карелия', '3'),
(gen_random_uuid(), 'Республика Коми', '3'),
(gen_random_uuid(), 'Архангельская область', '3'),
(gen_random_uuid(), 'Калининградская область', '3'),
(gen_random_uuid(), 'Ленинградская область', '3'),
(gen_random_uuid(), 'Мурманская область', '3'),
(gen_random_uuid(), 'Новгородская область', '3'),
(gen_random_uuid(), 'Псковская область', '3'),
(gen_random_uuid(), 'Ненецкий автономный округ', '3'),
(gen_random_uuid(), 'г. Санкт-Петербург', '3'),
(gen_random_uuid(), 'Республика Саха-Якутия', '4'),
(gen_random_uuid(), 'Камчатский край', '4'),
(gen_random_uuid(), 'Приморский край', '4'),
(gen_random_uuid(), 'Хабаровский край', '4'),
(gen_random_uuid(), 'Амурская область', '4'),
(gen_random_uuid(), 'Магаданская область', '4'),
(gen_random_uuid(), 'Республика Бурятия', '4'),
(gen_random_uuid(), 'Забайкальский край', '4'),
(gen_random_uuid(), 'Сахалинская область', '4'),
(gen_random_uuid(), 'Еврейский АО', '4'),
(gen_random_uuid(), 'Чукотский АО', '4'),
(gen_random_uuid(), 'Республика Алтай', '5'),
(gen_random_uuid(), 'Республика Тыва', '5'),
(gen_random_uuid(), 'Республика Хакасия', '5'),
(gen_random_uuid(), 'Алтайский край', '5'),
(gen_random_uuid(), 'Красноярский край', '5'),
(gen_random_uuid(), 'Иркутская область', '5'),
(gen_random_uuid(), 'Кемеровская область - Кузбасс', '5'),
(gen_random_uuid(), 'Новосибирская область', '5'),
(gen_random_uuid(), 'Омская область', '5'),
(gen_random_uuid(), 'Томская область', '5'),
(gen_random_uuid(), 'Курганская область', '6'),
(gen_random_uuid(), 'Свердловская область', '6'),
(gen_random_uuid(), 'Тюменская область', '6'),
(gen_random_uuid(), 'Челябинская область', '6'),
(gen_random_uuid(), 'Ханты-Мансийский автономный округ - Югра', '6'),
(gen_random_uuid(), 'Ямало-Ненецкий АО', '6'),
(gen_random_uuid(), 'Республика Башкортостан', '7'),
(gen_random_uuid(), 'Республика Марий Эл', '7'),
(gen_random_uuid(), 'Республика Мордовия', '7'),
(gen_random_uuid(), 'Республика Татарстан', '7'),
(gen_random_uuid(), 'Удмуртская Республика', '7'),
(gen_random_uuid(), 'Чувашская Республика', '7'),
(gen_random_uuid(), 'Кировская область', '7'),
(gen_random_uuid(), 'Нижегородская область', '7'),
(gen_random_uuid(), 'Оренбургская область', '7'),
(gen_random_uuid(), 'Пензенская область', '7'),
(gen_random_uuid(), 'Пермский край', '7'),
(gen_random_uuid(), 'Самарская область', '7'),
(gen_random_uuid(), 'Саратовская область', '7'),
(gen_random_uuid(), 'Ульяновская область', '7'),
(gen_random_uuid(), 'Республика Дагестан', '8'),
(gen_random_uuid(), 'Республика Ингушетия', '8'),
(gen_random_uuid(), 'Кабардино-Балкарская Республика', '8'),
(gen_random_uuid(), 'Карачаево-Черкесская Республика', '8'),
(gen_random_uuid(), 'Республика Северная Осетия - Алания', '8'),
(gen_random_uuid(), 'Ставропольский край', '8'),
(gen_random_uuid(), 'Чеченская республика', '8'),
(gen_random_uuid(), 'Донецкая Народная Республика', '9'),
(gen_random_uuid(), 'Луганская Народная Республика', '9'),
(gen_random_uuid(), 'Запорожская область', '9'),
(gen_random_uuid(), 'Херсонская область', '9');

